"invoice_id","supplier_name","category","invoice_date","status","amount_usd","comment"
"INV-447124"," Nova Packg. "," Professional Services ","2024-03-27 "," Approved"," $6,797.86","three-way match complete; cost center 104"
"INV-749101","HELIOS ROBOTICS","Facility ","2024-01-02 ","Approved ","USD 8, 518.81","three-way match complete; cost center 117"
"INV-430141"," Nova Packaging ","Facility "," 2024-09-25 "," Pending "," $9,381.86 ","three-way match complete; cost center 110"
"INV-863814","Helios Robotics"," Facility"," 2024-05-07","Approved "," USD 7, 576.15 "," requires VAT documentation; cost center 113 "
"INV-102785","LumenAnalytic","Software "," 2024-05-08 ","Pending "," $578.21 ","three-way match complete; cost center 118 "
"INV-463711","Zenith Component ","Facility "," 2024-09-25 ","On Hold"," $8,976.69"," requires VAT documentation; cost center 110 "
"INV-822609"," VertexLogistics "," Professional Services","2024-03-20 ","Approved "," $9,132.65 "," match to PO required; cost center 105"
"INV-679862","AstraSupply ","Logistics ","2024-01-17 ","Approved ","$4,717.31 ","pending shipping confirmation; cost center 108 "
"INV-437148"," Helios Robotix "," Software","2024-04-16 "," Approved"," $2,412.31","pending shipping confirmation; cost center 116 "
"INV-998697","Astra-Supplies "," Software"," 2024-04-26"," Approved","$9,830.49 "," three-way match complete; cost center 118 "
"INV-624580"," Vertex Logistics "," Facility"," 2024-08-11"," Rejected ","$7,786.74","match to PO required; cost center 115 "
"INV-754049"," Vertex-Logistics ","Facility ","2024-08-21 "," Rejected"," $9,716.24 ","pending shipping confirmation; cost center 116"
"INV-639449","LumenAnalytic "," Software","2024-09-21"," Pending"," $2,793.81 ","price variance escalated; cost center 107"
"INV-693164","Astra-Supplies "," Professional Services","2024-08-08 ","Rejected","USD 5,922.14"," pending shipping confirmation; cost center 105"
"INV-354860"," LumenAnalytic","Facility","2024-05-30 ","Approved","$5,148.23 "," requires VAT documentation; cost center 111"
"INV-700648"," Zenith-Components "," Logistics"," 2024-02-28 ","Rejected "," $5,366.59"," three-way match complete; cost center 103 "
"INV-454649"," Zenith-Components","Facility"," 2024-05-09 "," Approved "," $6,096.49 "," match to PO required; cost center 110 "
"INV-783819"," Zenith Components "," Professional Services","2024-03-19 ","Pending "," $7,569.75"," three-way match complete; cost center 104"
"INV-689196","Zenith Component ","Software"," 2024-09-17","Approved "," USD 3,107.42 "," price variance escalated; cost center 104 "
"INV-779384","Astra suppl."," Professional Services ","2024-04-25"," Approved"," $5,584.67 ","requires VAT documentation; cost center 102 "
"INV-995937"," ZenithComponents ","Logistics "," 2024-01-05 ","Rejected "," $7,000.84 "," price variance escalated; cost center 116 "
"INV-488126","Helios Robotics"," Facility "," 2024-01-05 ","Approved "," USD 3, 002.17 ","match to PO required; cost center 114"
"INV-572347"," NovaPack","Professional Services","2024-04-10"," Pending","USD 1, 050.47 "," match to PO required; cost center 100"
"INV-572347","Nova-Packaging "," Professional Services"," 2024-04-10"," Pending","USD 1, 050.47 ","duplicate submit; consolidate in close process"
"INV-530033"," Lumen Analytix "," Cloud "," 2024-07-09 "," Approved ","USD 3,083.72"," three-way match complete; cost center 103"
"INV-128538","Zenith-Components","Cloud","2024-04-05 ","Approved"," $1,433.36 ","match to PO required; cost center 115 "
"INV-774916","HeliosRobotics","Cloud"," 2024-06-06 ","Approved "," $5,443.60 ","requires VAT documentation; cost center 104"
"INV-732018","Zenith Components","Software "," 2024-09-03"," On Hold"," $1,327.65 ","match to PO required; cost center 108"
"INV-732018"," Zenith Comp. ","Software","2024-09-03","On Hold","$1,327.65","duplicate submit; consolidate in close process "
"INV-434294","Zenith Components "," Professional Services "," 2024-07-21 ","Approved ","USD 2,904.53"," price variance escalated; cost center 118"
"INV-760779","Vertex Log. "," Cloud"," 2024-02-27","Approved"," $1,745.64 ","pending shipping confirmation; cost center 100"
"INV-760779"," VertexLogistics","Cloud "," 2024-02-27","Approved ","$1,745.64 "," duplicate submit; consolidate in close process "
"INV-150706"," Lumen-Analytics "," Facility "," 2024-02-27 "," Approved ","$7,085.37","vendor submitted via portal; cost center 108"
"INV-549012"," Vertex Logistics"," Logistics"," 2024-05-13 ","Pending "," $3,537.86 ","match to PO required; cost center 106"
"INV-112202","Astra Supplies "," Facility","2024-09-18 ","Pending ","USD 3,358.99","requires VAT documentation; cost center 112 "
"INV-250431"," Astra Spp","Cloud","2024-05-10 ","Approved "," USD 3, 021.47","pending shipping confirmation; cost center 118 "
"INV-392859","Nova-Packaging "," Software"," 2024-04-07 "," Pending"," $5,056.73 ","vendor submitted via portal; cost center 110"
"INV-662400"," VertexLogistics ","Cloud "," 2024-08-20 ","Approved ","USD 5,166.23","vendor submitted via portal; cost center 100 "
"INV-359463"," Helios Robotics "," Professional Services "," 2024-02-28"," On Hold"," USD 2,981.71"," three-way match complete; cost center 107"
"INV-833508"," Zenith Comp."," Professional Services","2024-05-14","Approved "," $5,702.24 ","vendor submitted via portal; cost center 107 "
"INV-734085","NovaPack ","Facility","2024-08-27 ","Approved ","$4,475.92"," price variance escalated; cost center 114 "
"INV-763962","Helios Robotics ","Professional Services "," 2024-03-07"," Approved "," $9,000.65 "," pending shipping confirmation; cost center 106"
"INV-790021"," Nova-Packaging","Hardware ","2024-07-21","Rejected","USD 6, 696.38 ","requires VAT documentation; cost center 114"
"INV-831423"," LumenAnalytics","Facility","2024-06-23 "," Approved"," $5,236.11","three-way match complete; cost center 106 "
"INV-160040","Novapackaging "," Facility "," 2024-04-10","Approved ","$5,403.38 ","match to PO required; cost center 118"
"INV-854674"," Zenith-Components "," Professional Services ","2024-04-20"," Approved"," $6,864.44","vendor submitted via portal; cost center 103 "
"INV-657186"," Zenith Comp.","Hardware"," 2024-08-28 ","Rejected","$2,482.40 ","three-way match complete; cost center 100"
"INV-920777","Vertex Log. "," Logistics","2024-01-04","On Hold ","USD 5, 333.88 ","match to PO required; cost center 118 "
"INV-743502","HeliosRobotics"," Facility","2024-08-19","Approved "," $8,485.80","match to PO required; cost center 107 "
"INV-743502"," Helios-Robotics ","Facility","2024-08-19 "," Approved","$8,485.80"," duplicate submit; consolidate in close process"
"INV-911187"," Astra suppl. ","Cloud","2024-07-19 ","Approved"," $6,976.48"," three-way match complete; cost center 112"
"INV-911187"," Astra-Supplies","Cloud "," 2024-07-19","Approved ","$6,976.48 "," duplicate submit; consolidate in close process"
"INV-322686","Nova-Packaging"," Facility","2024-05-01 "," Rejected ","USD 4,972.61 "," three-way match complete; cost center 104"
"INV-798031"," Novapackaging","Software","2024-04-12","On Hold ","$8,702.41","vendor submitted via portal; cost center 109"
"INV-637110"," Zenith Component","Cloud ","2024-08-20 ","Pending"," USD 4, 250.25","three-way match complete; cost center 111"
"INV-145417","Lumen Analytix "," Logistics "," 2024-06-19 "," On Hold"," $7,584.62"," match to PO required; cost center 100 "
"INV-407914","Nova Packaging ","Professional Services","2024-02-16","Approved "," $9,655.16 "," match to PO required; cost center 102"
"INV-738752"," Nova-Packaging","Logistics","2024-07-26"," Approved"," $6,319.31 ","pending shipping confirmation; cost center 104 "
"INV-591415"," Astra Spp"," Hardware","2024-03-24"," On Hold"," $3,231.26 ","price variance escalated; cost center 104 "
"INV-767050","LumenAnalytic","Facility ","2024-08-31 "," Pending ","$4,315.71 "," three-way match complete; cost center 111 "
"INV-284037"," Nova-Packaging "," Professional Services"," 2024-06-19 ","Pending "," $4,744.69"," three-way match complete; cost center 110 "
"INV-823727","Zenith Component "," Hardware ","2024-09-07"," Rejected","$7,295.52 "," price variance escalated; cost center 103 "
"INV-230182"," Lumen Analytix"," Logistics "," 2024-04-07","Approved","$3,717.77"," three-way match complete; cost center 119"
"INV-530063","Zenith-Components"," Software ","2024-09-04"," Pending"," $4,192.77 "," price variance escalated; cost center 113"
"INV-371593","Astra suppl.","Professional Services"," 2024-02-21 "," Approved ","$2,180.06"," pending shipping confirmation; cost center 109"
"INV-118215"," Astra suppl.","Software"," 2024-09-09","Approved"," $8,043.47","pending shipping confirmation; cost center 101"
"INV-253320","Vertex Log. "," Cloud "," 2024-04-11"," On Hold ","USD 4, 260.60 "," three-way match complete; cost center 105 "
"INV-156915"," VertexLogistics "," Logistics"," 2024-04-16 ","Approved "," $695.75 ","three-way match complete; cost center 103 "
"INV-946621"," Zenith Components","Software "," 2024-03-07"," Approved "," $4,366.36 ","match to PO required; cost center 118 "
"INV-414566","NovaPack","Cloud"," 2024-04-16","Pending ","USD 6,610.90"," price variance escalated; cost center 116 "
"INV-704914","Helios Robotix"," Hardware ","2024-04-17 "," Approved "," $8,643.31 "," three-way match complete; cost center 102 "
"INV-515354","AstraSupply","Professional Services "," 2024-04-19","Approved ","$1,175.59 "," price variance escalated; cost center 110"
"INV-281961","Helios Robotics ","Facility "," 2024-06-10 ","Approved "," $7,020.63"," match to PO required; cost center 118"
"INV-281961","Helios Robotix ","Facility","2024-06-10"," Approved","$7,020.63","duplicate submit; consolidate in close process"
"INV-470711","Novapackaging ","Software "," 2024-03-22 ","On Hold"," $7,951.34"," requires VAT documentation; cost center 110 "
"INV-964215","Vertex Logistics","Logistics "," 2024-03-18 "," On Hold","$915.59","price variance escalated; cost center 107 "
"INV-851041"," ZenithComponents"," Hardware","2024-04-14 ","Rejected","$5,009.21 "," match to PO required; cost center 100"
"INV-574600","Nova Packaging "," Logistics"," 2024-05-04"," Approved "," $880.91 "," requires VAT documentation; cost center 109"
"INV-776798"," Astra Supplies"," Professional Services"," 2024-08-10","Pending ","USD 2, 068.11","requires VAT documentation; cost center 115 "
"INV-825386"," Astra-Supplies ","Hardware "," 2024-01-13","Rejected "," USD 9, 795.79 "," requires VAT documentation; cost center 102 "
"INV-529743","HELIOS ROBOTICS "," Hardware "," 2024-09-21 ","Pending"," $6,707.32 ","price variance escalated; cost center 105"
"INV-163192","AstraSupply ","Facility","2024-03-05","Pending "," USD 9, 527.43 "," vendor submitted via portal; cost center 100 "
"INV-405355","Vertex-Logistics"," Hardware"," 2024-05-03 ","Approved "," $5,819.50 "," pending shipping confirmation; cost center 108"
"INV-325798","Astra Supplies","Hardware"," 2024-06-06 "," On Hold","USD 4,867.04 "," pending shipping confirmation; cost center 100 "
"INV-427581"," Novapackaging ","Facility"," 2024-01-23"," Approved "," $8,915.86","pending shipping confirmation; cost center 107 "
"INV-517195","HELIOS ROBOTICS "," Software ","2024-01-17 "," Pending","$754.01 "," three-way match complete; cost center 107"
"INV-517195","Helios Robotix "," Software "," 2024-01-17"," Pending","$754.01","duplicate submit; consolidate in close process "
"INV-701705"," Vertex Logistics"," Facility "," 2024-03-10","Approved"," USD 7, 785.27 ","price variance escalated; cost center 104"
"INV-532474"," ZenithComponents"," Software","2024-05-11","Approved ","$2,525.93"," match to PO required; cost center 111 "
"INV-993030","Vertex Log. "," Professional Services "," 2024-03-27"," On Hold","$3,683.24 "," requires VAT documentation; cost center 113"
"INV-154116","HELIOS ROBOTICS "," Cloud ","2024-01-04"," Rejected "," USD 4, 461.82 "," three-way match complete; cost center 107 "
"INV-552171","Helios Robotics"," Professional Services ","2024-03-21 "," Pending "," USD 9, 322.97"," three-way match complete; cost center 112 "
"INV-424494"," Vertex Log. ","Facility "," 2024-06-18"," Approved ","$8,760.79"," pending shipping confirmation; cost center 116 "
"INV-718938","Zenith Component","Professional Services"," 2024-04-12"," Approved ","$8,791.08 ","three-way match complete; cost center 101 "
"INV-245178"," Vertex Log. "," Professional Services","2024-08-15 "," Approved","$2,147.62","vendor submitted via portal; cost center 113"
"INV-132633"," Nova Packg."," Logistics","2024-01-30","Pending "," $2,330.12 ","price variance escalated; cost center 112 "
"INV-882183"," VertexLogistics ","Logistics","2024-07-02"," Approved "," $6,910.30 "," price variance escalated; cost center 118"
"INV-599749","Nova-Packaging"," Professional Services"," 2024-04-30 "," On Hold "," USD 7, 422.45"," pending shipping confirmation; cost center 113"
"INV-663717"," NovaPack "," Logistics","2024-08-13 ","Approved","USD 947.53 "," vendor submitted via portal; cost center 117 "
"INV-231517","Nova-Packaging","Logistics"," 2024-07-04 "," On Hold"," USD 8,055.09"," match to PO required; cost center 100"
"INV-459759"," AstraSupply"," Hardware "," 2024-01-11 "," Approved ","USD 7, 389.68","pending shipping confirmation; cost center 118"
"INV-226934","LumenAnalytics "," Software","2024-08-08","Approved "," $1,966.73 ","vendor submitted via portal; cost center 118"
"INV-515250","VertexLogistics "," Facility","2024-05-07","Approved ","USD 649.13 ","three-way match complete; cost center 117"
"INV-383906","HELIOS ROBOTICS","Professional Services "," 2024-08-15"," On Hold","$775.82 "," vendor submitted via portal; cost center 108"
"INV-723088","Lumen-Analytics"," Hardware","2024-02-12"," Approved "," $5,690.03 ","price variance escalated; cost center 101"
"INV-723088","Lumen Analytix "," Hardware "," 2024-02-12","Approved "," $5,690.03 "," duplicate submit; consolidate in close process"
"INV-316309"," Zenith Comp. "," Professional Services"," 2024-02-22 "," On Hold "," $3,293.01","pending shipping confirmation; cost center 116 "
"INV-201100","ZenithComponents ","Software"," 2024-07-16"," Rejected","USD 3,817.65 "," vendor submitted via portal; cost center 119"
"INV-306278","Zenith Components","Hardware "," 2024-06-15"," Approved ","$9,977.16","requires VAT documentation; cost center 106 "
"INV-141533","Lumen-Analytics"," Facility ","2024-08-19"," On Hold "," USD 7,570.45"," pending shipping confirmation; cost center 110 "
"INV-492861","Helios-Robotics"," Logistics "," 2024-09-23"," Rejected"," $1,019.92","pending shipping confirmation; cost center 108 "
"INV-352209","Helios Robotix","Software "," 2024-05-15"," Pending"," $7,256.00 ","price variance escalated; cost center 114"
"INV-807423"," ZenithComponents "," Hardware ","2024-06-14","Approved ","$7,173.03"," price variance escalated; cost center 108"
"INV-321708","Zenith Component"," Software","2024-08-04 ","Pending ","$6,636.81"," pending shipping confirmation; cost center 118 "
"INV-284895"," Novapackaging "," Cloud"," 2024-09-14 ","Approved ","$7,419.33","vendor submitted via portal; cost center 119 "
"INV-260323","Astra Spp ","Facility","2024-07-23 ","Rejected "," $1,245.31","vendor submitted via portal; cost center 107 "
"INV-875758"," ZenithComponents ","Facility","2024-01-23 "," On Hold","$7,527.53 "," pending shipping confirmation; cost center 103 "
"INV-549233"," LumenAnalytic"," Facility "," 2024-01-07"," On Hold","USD 6, 398.99"," three-way match complete; cost center 118 "
"INV-944775"," LumenAnalytic","Cloud","2024-04-22"," Pending ","USD 3, 959.29 ","match to PO required; cost center 104 "
"INV-189941","Zenith Comp.","Hardware ","2024-07-31 ","Approved","USD 4, 293.47 ","requires VAT documentation; cost center 102 "
"INV-129562"," HeliosRobotics","Logistics "," 2024-08-17","Approved","USD 5, 019.73 ","price variance escalated; cost center 112 "
"INV-952237","Helios Robotics ","Logistics"," 2024-08-30 "," Approved","USD 9, 097.04 "," price variance escalated; cost center 102 "
"INV-396693"," Zenith Component","Software "," 2024-07-17"," Approved ","USD 7,577.57 ","vendor submitted via portal; cost center 116"
"INV-775383"," Vertex Logistics","Software","2024-05-10 ","Approved"," USD 8,927.73 ","match to PO required; cost center 115"
"INV-236738"," Nova Packg. ","Logistics ","2024-03-06 "," Pending "," $5,207.18","match to PO required; cost center 113 "
"INV-151901"," Zenith Components "," Hardware ","2024-06-23","Approved"," $3,590.56","match to PO required; cost center 114"
"INV-436179"," Lumen Analytics","Hardware","2024-03-13"," Approved ","USD 525.02 "," price variance escalated; cost center 107 "
"INV-768595"," HELIOS ROBOTICS"," Cloud","2024-07-27 ","Approved","USD 8,246.45 ","requires VAT documentation; cost center 107"
"INV-625847","Astra suppl. "," Facility ","2024-03-09","Pending","$2,025.66"," pending shipping confirmation; cost center 101"
"INV-563788"," NovaPack ","Logistics ","2024-05-30","Approved","$719.74 "," price variance escalated; cost center 111 "
"INV-425793"," Nova Packaging","Professional Services ","2024-09-15","Approved"," USD 1, 667.42 ","price variance escalated; cost center 108 "
"INV-425793","Novapackaging "," Professional Services","2024-09-15","Approved"," USD 1, 667.42 "," duplicate submit; consolidate in close process "
"INV-648107","Nova Packaging","Cloud "," 2024-06-24","On Hold "," USD 6,312.85 ","vendor submitted via portal; cost center 113"
"INV-664279","Zenith Component"," Cloud","2024-08-21","Approved"," USD 7, 634.00"," requires VAT documentation; cost center 109 "
"INV-415471"," Zenith-Components ","Software","2024-05-05 "," Pending"," $5,542.16 "," vendor submitted via portal; cost center 110"
"INV-853196"," Nova-Packaging ","Cloud","2024-01-20"," Approved ","$6,392.21"," three-way match complete; cost center 107 "
"INV-648478","LumenAnalytics"," Facility ","2024-07-10 ","On Hold "," USD 2, 198.20","three-way match complete; cost center 111 "
"INV-424382"," Astra-Supplies","Cloud ","2024-01-02 "," On Hold "," USD 2,985.31","requires VAT documentation; cost center 113"
"INV-584418"," Lumen-Analytics","Hardware "," 2024-06-05 "," Approved ","$2,609.98"," three-way match complete; cost center 106"
"INV-588087","Lumen-Analytics "," Logistics","2024-04-30 "," Approved"," $5,393.40","match to PO required; cost center 101"
"INV-531338","HELIOS ROBOTICS"," Software ","2024-01-27"," Pending","USD 640.40","requires VAT documentation; cost center 105 "
"INV-932760"," Astra Supplies"," Professional Services ","2024-06-03 ","Approved ","$7,404.17 ","requires VAT documentation; cost center 105"
"INV-490530"," Vtx Logistics ","Software ","2024-08-09","Pending ","$8,309.32 "," vendor submitted via portal; cost center 110 "
"INV-490530","Vertex-Logistics "," Software ","2024-08-09 "," Pending","$8,309.32 "," duplicate submit; consolidate in close process "
"INV-545737"," LumenAnalytics"," Professional Services","2024-06-09 ","Approved","USD 3, 632.51","price variance escalated; cost center 103"
"INV-272444","AstraSupply","Professional Services","2024-04-20","Rejected"," $7,154.85","requires VAT documentation; cost center 107"
"INV-486609"," Zenith-Components"," Facility ","2024-09-17","Pending"," USD 511.76 ","match to PO required; cost center 105 "
"INV-486609","Zenith-Components","Facility","2024-09-17 ","Pending"," USD 511.76","duplicate submit; consolidate in close process "
"INV-643222"," HeliosRobotics","Software"," 2024-02-14 ","Approved","USD 1,076.15 "," requires VAT documentation; cost center 100 "
"INV-679250"," LumenAnalytic","Facility "," 2024-07-30 ","Pending "," USD 9, 922.90 "," match to PO required; cost center 113 "
"INV-526474","Lumen Analytix","Software","2024-09-12","On Hold "," $869.16 "," three-way match complete; cost center 119 "
"INV-762908"," Vtx Logistics "," Cloud"," 2024-05-29"," Approved","$1,733.36 ","price variance escalated; cost center 104 "
"INV-878897"," Vertex Log."," Hardware","2024-01-13 "," Approved "," $679.66","price variance escalated; cost center 101"
"INV-760123","Zenith Component ","Professional Services","2024-02-20","Approved "," $4,572.34"," pending shipping confirmation; cost center 113 "
"INV-766538","Helios Robotics "," Professional Services "," 2024-03-13","Approved","USD 9, 710.50 "," vendor submitted via portal; cost center 117"
"INV-845658"," ZenithComponents","Logistics"," 2024-03-03 "," Approved","USD 5, 350.77","requires VAT documentation; cost center 104 "
"INV-702555"," Helios-Robotics ","Professional Services"," 2024-08-18"," Pending"," $9,706.87"," three-way match complete; cost center 118"
"INV-394908","Zenith Components","Hardware "," 2024-02-23","Approved "," USD 3,221.13"," price variance escalated; cost center 105"
"INV-511296"," Zenith Components ","Cloud","2024-02-23","Approved"," $3,520.71","vendor submitted via portal; cost center 108 "
"INV-919311","Helios Robotix "," Software"," 2024-01-19"," On Hold "," USD 8,573.29"," three-way match complete; cost center 102"
"INV-317345","Zenith Component"," Cloud"," 2024-06-12 ","Pending","$4,050.21"," price variance escalated; cost center 101"
"INV-317345"," Zenith Component "," Cloud"," 2024-06-12"," Pending","$4,050.21 "," duplicate submit; consolidate in close process"
"INV-108778","Vertex-Logistics"," Software "," 2024-08-31 "," On Hold","USD 1,456.29"," pending shipping confirmation; cost center 106"
"INV-293977","Novapackaging ","Software","2024-04-15 ","Approved ","USD 3, 974.76","requires VAT documentation; cost center 100"
"INV-700315","HELIOS ROBOTICS "," Logistics "," 2024-09-20","Pending","USD 5, 032.81 ","vendor submitted via portal; cost center 109"
"INV-615794"," Zenith Components "," Professional Services","2024-02-01 "," Approved"," USD 8, 777.30 ","requires VAT documentation; cost center 116"
"INV-376133","NovaPack ","Cloud","2024-04-15","Approved"," $6,198.24 ","requires VAT documentation; cost center 100"
"INV-704574"," Novapackaging","Facility ","2024-07-12 ","Approved "," $931.62"," vendor submitted via portal; cost center 107 "
"INV-522166","Vertex Log. ","Logistics "," 2024-06-04"," Approved"," $1,941.29"," match to PO required; cost center 110"
"INV-964554","Nova-Packaging"," Software","2024-09-16 "," Rejected "," $9,215.68","vendor submitted via portal; cost center 116"
"INV-814181"," Lumen Analytix"," Software","2024-02-16"," Approved "," $3,519.62 "," requires VAT documentation; cost center 100"
"INV-927419"," Lumen Analytix ","Hardware","2024-09-27 ","Approved","USD 8, 349.51 "," vendor submitted via portal; cost center 113"
"INV-898194","HELIOS ROBOTICS ","Facility","2024-08-20 ","Approved","USD 5, 955.68"," three-way match complete; cost center 119 "
"INV-990699","Vertex Log. ","Professional Services","2024-08-30","Approved "," $3,610.83"," match to PO required; cost center 110"
"INV-134187","Helios Robotix"," Facility "," 2024-08-17 ","Rejected"," $4,149.85 ","three-way match complete; cost center 110"
"INV-196780"," Vtx Logistics"," Software"," 2024-04-06 "," On Hold"," USD 9, 397.85"," pending shipping confirmation; cost center 119"
"INV-169570","Vertex Log.","Hardware "," 2024-06-12"," Rejected ","USD 1, 619.48 ","requires VAT documentation; cost center 110"
"INV-594369"," Lumen Analytics","Logistics "," 2024-05-16 "," Approved ","$7,391.42"," match to PO required; cost center 106"
"INV-468708","Helios Robotix","Cloud","2024-07-07","Approved ","$4,521.88","price variance escalated; cost center 101"
"INV-332361","Astra Supplies"," Facility ","2024-04-28"," On Hold"," $5,004.34"," pending shipping confirmation; cost center 101"
"INV-120158","Astra-Supplies","Logistics","2024-03-09 ","Approved"," $9,199.74"," price variance escalated; cost center 103 "
"INV-864741","Helios Robotics ","Cloud ","2024-01-03 ","Approved","$2,795.88","requires VAT documentation; cost center 112"
"INV-443560"," Astra Supplies "," Logistics ","2024-03-21 ","Rejected ","$7,141.92"," price variance escalated; cost center 114 "
"INV-599571"," AstraSupply","Cloud "," 2024-06-24 ","Approved"," $8,262.38 ","match to PO required; cost center 117"
"INV-348870","Novapackaging","Hardware "," 2024-05-04"," Approved "," $2,010.03 ","vendor submitted via portal; cost center 106 "
"INV-934190","Lumen Analytics ","Facility"," 2024-09-13","Approved"," $7,986.94 "," three-way match complete; cost center 104 "
"INV-223522","HeliosRobotics ","Software ","2024-02-05 ","Approved"," $2,654.23"," vendor submitted via portal; cost center 118"
"INV-564098"," Zenith Comp.","Facility"," 2024-04-19","Rejected ","USD 754.16 "," vendor submitted via portal; cost center 117"
"INV-873859","NovaPack","Professional Services ","2024-05-23 "," Rejected","USD 4, 600.56","price variance escalated; cost center 112"
"INV-796650"," LumenAnalytics","Professional Services"," 2024-09-11"," Pending "," $4,553.15 "," vendor submitted via portal; cost center 104 "
"INV-484439","Helios-Robotics"," Facility ","2024-04-23","Pending","USD 6, 112.55 ","match to PO required; cost center 100"
"INV-262817"," Astra suppl. "," Cloud "," 2024-07-01","Approved"," USD 1,088.29","pending shipping confirmation; cost center 113"
"INV-262817"," Astra suppl."," Cloud","2024-07-01","Approved ","USD 1,088.29 "," duplicate submit; consolidate in close process"
"INV-516216"," Nova-Packaging "," Software"," 2024-07-21"," On Hold","USD 1, 153.23","three-way match complete; cost center 100"
"INV-516216"," NovaPack"," Software","2024-07-21 "," On Hold","USD 1, 153.23","duplicate submit; consolidate in close process"
"INV-731063"," Vtx Logistics"," Facility"," 2024-06-14"," Approved","$4,071.30","price variance escalated; cost center 102"
"INV-293500"," Nova-Packaging "," Facility","2024-06-24","Approved","$4,696.66","vendor submitted via portal; cost center 101 "
"INV-263346"," Zenith Comp."," Cloud ","2024-02-24","On Hold","$4,202.65"," three-way match complete; cost center 105"
"INV-247948","VertexLogistics","Logistics","2024-01-30"," Approved "," $9,543.74 "," vendor submitted via portal; cost center 108"
"INV-622817"," Astra Supplies","Software"," 2024-02-24"," Pending","USD 8,792.98 "," price variance escalated; cost center 109 "
"INV-171543","Zenith Component","Hardware "," 2024-02-22","Approved "," USD 6,998.70 ","price variance escalated; cost center 101 "
"INV-926848","Astra Supplies","Hardware "," 2024-05-13 ","On Hold ","USD 2, 485.55","match to PO required; cost center 109 "
"INV-833424"," VertexLogistics "," Professional Services "," 2024-01-01 ","Pending "," USD 5, 388.12"," three-way match complete; cost center 105"
"INV-392850","Vertex Log. "," Software "," 2024-09-07 "," Approved "," USD 9, 637.89"," price variance escalated; cost center 100 "
"INV-392850"," Vertex Logistics","Software","2024-09-07 ","Approved ","USD 9, 637.89","duplicate submit; consolidate in close process "
"INV-687787"," AstraSupply "," Facility "," 2024-03-28 "," Approved ","$5,347.16 ","pending shipping confirmation; cost center 101 "
"INV-211428","Helios-Robotics ","Professional Services","2024-03-16 ","Approved"," $8,263.03"," requires VAT documentation; cost center 101"
"INV-405947"," Zenith Components"," Software","2024-09-18 "," On Hold ","USD 1,009.07 "," vendor submitted via portal; cost center 119 "
"INV-479225"," Lumen Analytics","Software","2024-04-06 "," Approved","$8,152.97 "," match to PO required; cost center 113 "
"INV-787003"," Astra Supplies"," Logistics","2024-02-20"," Approved","USD 3,846.81","vendor submitted via portal; cost center 113 "
"INV-380938","Zenith Components ","Software"," 2024-03-20 ","Approved","$9,584.81 "," pending shipping confirmation; cost center 106"
"INV-401454","Nova-Packaging","Facility "," 2024-02-06"," On Hold"," USD 6,303.30 ","match to PO required; cost center 103"
"INV-658306"," Lumen Analytix"," Software ","2024-01-29 ","Approved "," USD 3,011.35"," match to PO required; cost center 104 "
"INV-485507"," Vtx Logistics","Hardware","2024-02-17"," Approved "," $7,247.36 "," requires VAT documentation; cost center 109 "
"INV-158668","Lumen-Analytics ","Logistics "," 2024-09-01 "," Approved "," $4,606.91 "," pending shipping confirmation; cost center 108 "
"INV-886380"," Helios Robotix ","Cloud ","2024-02-05","On Hold ","USD 3,119.28 "," requires VAT documentation; cost center 114"
"INV-737041"," LumenAnalytics ","Cloud ","2024-04-03"," Pending "," USD 6,352.74 ","price variance escalated; cost center 105 "
"INV-737041","Lumen Analytics"," Cloud"," 2024-04-03","Pending ","USD 6,352.74 ","duplicate submit; consolidate in close process "
"INV-730460","Zenith Comp."," Software "," 2024-01-06"," Pending ","$8,152.85 ","price variance escalated; cost center 102"
"INV-784541","Zenith Components ","Facility ","2024-01-28"," Approved","$2,094.46"," pending shipping confirmation; cost center 100 "
"INV-808469","Zenith Component"," Hardware "," 2024-08-22","Approved"," $1,434.91 "," pending shipping confirmation; cost center 103 "
"INV-769115"," Nova Packaging "," Logistics","2024-09-02","Approved"," USD 7, 242.93 "," pending shipping confirmation; cost center 108"
"INV-769115","NovaPack","Logistics"," 2024-09-02 "," Approved","USD 7, 242.93 ","duplicate submit; consolidate in close process "
"INV-109004"," Zenith Component ","Logistics "," 2024-04-13 "," Approved","$5,478.25 "," price variance escalated; cost center 115"
"INV-555910","Vertex Log. ","Professional Services "," 2024-06-15"," On Hold","USD 1, 658.14","requires VAT documentation; cost center 109"
"INV-669047"," ZenithComponents "," Facility"," 2024-05-07 ","Approved ","$5,051.82","match to PO required; cost center 116 "
"INV-716211","HeliosRobotics ","Facility","2024-03-26 "," Pending","$4,549.96"," match to PO required; cost center 100 "
"INV-678630","Zenith Components"," Facility"," 2024-09-27"," Approved"," $4,624.54"," price variance escalated; cost center 106"
"INV-660352","VertexLogistics","Hardware "," 2024-07-31","Approved ","USD 5, 012.72 "," price variance escalated; cost center 117"
"INV-119490"," HELIOS ROBOTICS","Logistics"," 2024-03-19 "," Approved "," USD 9, 417.68 ","price variance escalated; cost center 105 "
"INV-119490","Helios-Robotics"," Logistics ","2024-03-19 ","Approved","USD 9, 417.68 "," duplicate submit; consolidate in close process"
"INV-634861"," Astra Spp ","Logistics "," 2024-04-25","On Hold"," $4,248.08 ","vendor submitted via portal; cost center 105"
"INV-910940"," HeliosRobotics"," Software"," 2024-06-10 "," Pending"," $8,789.77"," match to PO required; cost center 110"
"INV-373664","HeliosRobotics","Software ","2024-01-29 "," On Hold "," $8,327.94 ","match to PO required; cost center 102 "
"INV-544079"," HELIOS ROBOTICS","Professional Services ","2024-08-27"," Approved","USD 3,927.39 ","three-way match complete; cost center 105"
"INV-755963"," NovaPack "," Facility"," 2024-08-18 "," Approved "," USD 2, 287.25 "," pending shipping confirmation; cost center 113"
"INV-416414"," Lumen Analytics "," Facility","2024-03-28 ","Pending "," $7,651.86","price variance escalated; cost center 102 "
"INV-293742"," Vertex-Logistics "," Facility ","2024-06-08"," On Hold ","USD 1, 009.52","match to PO required; cost center 114 "
"INV-114188"," AstraSupply ","Hardware "," 2024-09-28"," Approved "," USD 5,526.31 "," vendor submitted via portal; cost center 112 "
"INV-130360"," AstraSupply "," Facility ","2024-04-04","Approved","$8,100.01","pending shipping confirmation; cost center 110"
"INV-446915","Lumen Analytics ","Software "," 2024-01-15"," Approved"," $1,202.10 ","match to PO required; cost center 112 "
"INV-879432","Astra suppl.","Professional Services","2024-07-15","Approved","USD 7, 265.91 "," vendor submitted via portal; cost center 102"
"INV-843423","AstraSupply ","Facility"," 2024-03-16","Rejected "," USD 7, 556.98 ","pending shipping confirmation; cost center 105 "
"INV-449362"," Lumen Analytix"," Hardware ","2024-07-10 "," Pending ","$3,653.68 ","match to PO required; cost center 118"
"INV-697369"," Vertex-Logistics "," Facility ","2024-05-22"," On Hold","$8,736.78 "," price variance escalated; cost center 115 "
"INV-829914","Lumen Analytics ","Facility "," 2024-09-11 ","Approved"," USD 7,781.39"," vendor submitted via portal; cost center 113 "
"INV-121594"," Helios Robotix "," Professional Services","2024-01-05 "," Pending","$3,511.04","three-way match complete; cost center 103 "
"INV-121594"," HeliosRobotics "," Professional Services ","2024-01-05","Pending ","$3,511.04"," duplicate submit; consolidate in close process"
"INV-425824"," Zenith Comp."," Facility","2024-01-05"," Rejected ","USD 4, 157.37","pending shipping confirmation; cost center 101 "
"INV-795292","Zenith Component"," Facility"," 2024-09-03"," Rejected"," $7,086.88","pending shipping confirmation; cost center 106"
"INV-442568"," Lumen Analytics"," Professional Services","2024-06-27 "," Approved"," $3,653.15","requires VAT documentation; cost center 108 "
"INV-452331"," Astra Spp"," Software ","2024-03-19"," Approved "," USD 4, 628.62"," price variance escalated; cost center 118 "
"INV-974700","Nova-Packaging"," Professional Services"," 2024-04-08","Pending ","$7,489.17 ","vendor submitted via portal; cost center 111 "
"INV-424873","Lumen Analytix "," Cloud"," 2024-08-05"," On Hold","$6,905.15"," match to PO required; cost center 114"
"INV-359775","Lumen-Analytics "," Cloud","2024-06-13 ","Pending ","$5,317.31"," match to PO required; cost center 114 "
"INV-386578","Lumen Analytix"," Facility ","2024-08-02 ","Approved"," $3,377.56 "," match to PO required; cost center 118 "
"INV-391481","Helios-Robotics ","Facility"," 2024-09-27 ","Approved "," $7,124.03 "," price variance escalated; cost center 105 "
"INV-973717"," HELIOS ROBOTICS"," Professional Services "," 2024-01-20 ","Approved"," USD 7,197.92 ","three-way match complete; cost center 102 "
"INV-902072","Zenith Comp. "," Cloud ","2024-05-25 "," On Hold "," $9,641.82"," pending shipping confirmation; cost center 103"
"INV-171843"," Vertex Logistics ","Software "," 2024-03-13 "," On Hold "," USD 7, 247.29 "," requires VAT documentation; cost center 117"
"INV-362304","Zenith Components","Professional Services","2024-03-23"," Approved"," $3,757.87","requires VAT documentation; cost center 104"
"INV-916461","NovaPack ","Software","2024-01-19 ","Pending"," USD 4, 339.43 ","pending shipping confirmation; cost center 103 "
"INV-916461"," Novapackaging "," Software","2024-01-19"," Pending "," USD 4, 339.43","duplicate submit; consolidate in close process"
"INV-355874"," Vtx Logistics","Professional Services"," 2024-06-01","Approved ","USD 9,602.62 ","match to PO required; cost center 118 "
"INV-108137","Lumen Analytics "," Logistics "," 2024-07-01"," Approved "," USD 8,580.04 "," requires VAT documentation; cost center 118 "
"INV-992162","Lumen-Analytics","Professional Services","2024-06-09 ","Approved","USD 4,427.78 "," price variance escalated; cost center 106 "
"INV-483583"," LumenAnalytic ","Hardware "," 2024-09-23 "," Rejected "," $3,040.36 "," requires VAT documentation; cost center 116"
"INV-979100","Vtx Logistics "," Hardware"," 2024-01-31","Approved "," $8,491.29 "," requires VAT documentation; cost center 103"
"INV-392905"," Helios Robotics ","Hardware"," 2024-09-26","On Hold","USD 9, 362.67"," price variance escalated; cost center 114"
"INV-740107"," Astra suppl."," Cloud"," 2024-09-20"," Pending "," USD 4,486.16","pending shipping confirmation; cost center 113 "
"INV-770852","NovaPack "," Software ","2024-02-08"," Approved "," $1,542.11"," pending shipping confirmation; cost center 109 "
"INV-424682","Lumen Analytics "," Hardware "," 2024-04-08"," Approved"," $4,923.84 "," three-way match complete; cost center 114 "
"INV-505372"," Zenith Components "," Logistics"," 2024-03-06","Approved "," $7,069.85","three-way match complete; cost center 112 "
"INV-505372"," Zenith-Components ","Logistics ","2024-03-06 ","Approved","$7,069.85 ","duplicate submit; consolidate in close process"
"INV-122278","Vertex Log. "," Hardware ","2024-09-08","Pending "," USD 7,843.16"," match to PO required; cost center 111"
"INV-563449"," Astra Spp"," Hardware"," 2024-06-06 ","Pending"," $689.60 "," pending shipping confirmation; cost center 113"
"INV-391245"," NovaPack ","Facility","2024-05-17 "," Approved","USD 7, 449.03"," vendor submitted via portal; cost center 109"
"INV-100974","ZenithComponents","Hardware","2024-07-19 ","On Hold "," $4,730.41 "," match to PO required; cost center 106"
"INV-100974"," Zenith Comp."," Hardware "," 2024-07-19"," On Hold ","$4,730.41"," duplicate submit; consolidate in close process"
"INV-557294","Zenith-Components "," Hardware","2024-06-07","Rejected","$9,619.84 "," pending shipping confirmation; cost center 109 "
"INV-834603","Zenith-Components"," Cloud ","2024-08-02 "," Approved ","$6,886.81 "," requires VAT documentation; cost center 106"
"INV-598443"," LumenAnalytic "," Professional Services"," 2024-05-23 "," Approved"," $5,139.55 "," vendor submitted via portal; cost center 114 "
"INV-832103","Astra Spp ","Logistics"," 2024-05-05"," Pending ","USD 8, 685.73","price variance escalated; cost center 102 "
"INV-468576"," Lumen-Analytics ","Software "," 2024-09-27","On Hold ","USD 6, 013.99"," requires VAT documentation; cost center 105 "
"INV-708516"," Vtx Logistics","Logistics ","2024-08-27","Approved"," $8,707.82 ","price variance escalated; cost center 101 "
"INV-174421"," Vertex Logistics"," Professional Services"," 2024-05-25 ","On Hold ","USD 9,251.80 ","vendor submitted via portal; cost center 113 "
"INV-397905","Nova Packg. ","Logistics "," 2024-04-03 "," Approved "," $2,961.59","match to PO required; cost center 115 "
"INV-397905"," Nova Packaging ","Logistics","2024-04-03","Approved","$2,961.59 "," duplicate submit; consolidate in close process "
"INV-219516"," HELIOS ROBOTICS"," Cloud "," 2024-01-30 ","Pending "," $8,391.64"," price variance escalated; cost center 110"
"INV-182490","Vertex-Logistics "," Software ","2024-01-16 ","Rejected"," $1,254.60 ","price variance escalated; cost center 115"
"INV-552288","Zenith Components "," Software "," 2024-07-12","Approved"," $5,989.97 ","pending shipping confirmation; cost center 103"
"INV-641460","Vtx Logistics","Professional Services "," 2024-08-16","Approved"," USD 7, 635.70 "," pending shipping confirmation; cost center 117"
"INV-987711","Lumen Analytics ","Cloud"," 2024-02-28","Approved "," USD 4, 662.90","pending shipping confirmation; cost center 103 "
"INV-962377"," Vertex Logistics"," Hardware"," 2024-09-11 ","On Hold"," USD 1,412.64"," three-way match complete; cost center 110 "
"INV-675090"," Zenith Component ","Logistics","2024-07-22 "," Approved","USD 3, 190.61 ","price variance escalated; cost center 101 "
"INV-702328","Zenith-Components"," Cloud","2024-01-04"," Approved ","$9,726.17","match to PO required; cost center 108"
"INV-660485","Vtx Logistics "," Software "," 2024-09-28"," Approved"," USD 5, 340.59 ","three-way match complete; cost center 104 "
"INV-417579","VertexLogistics","Hardware"," 2024-08-07","Rejected"," USD 4,700.56","vendor submitted via portal; cost center 113 "
"INV-417579"," Vertex Logistics ","Hardware","2024-08-07","Rejected "," USD 4,700.56 "," duplicate submit; consolidate in close process"
"INV-397571"," Novapackaging ","Logistics"," 2024-03-28"," Approved ","$9,535.16"," vendor submitted via portal; cost center 109"
"INV-634867"," AstraSupply ","Cloud "," 2024-01-06 "," Pending"," $2,809.03 "," requires VAT documentation; cost center 107"
"INV-267108"," ZenithComponents"," Logistics","2024-06-15 "," On Hold "," $8,025.11"," requires VAT documentation; cost center 114 "
"INV-476508","NovaPack ","Software ","2024-06-18 ","Rejected"," $7,907.54 "," requires VAT documentation; cost center 108 "
"INV-693661","Zenith Comp. "," Logistics"," 2024-06-15 ","On Hold ","USD 763.59 ","requires VAT documentation; cost center 117"
"INV-211905"," Vtx Logistics "," Hardware "," 2024-05-03 "," Approved ","$7,105.15 ","pending shipping confirmation; cost center 116 "
"INV-298519"," Zenith Comp.","Hardware "," 2024-08-24"," Approved "," $5,908.57","price variance escalated; cost center 112"
"INV-805938","Astra suppl. ","Logistics ","2024-05-04","On Hold ","USD 1, 049.78","price variance escalated; cost center 117 "
"INV-778910"," LumenAnalytic"," Professional Services ","2024-01-31","On Hold"," $7,340.94","three-way match complete; cost center 103"
"INV-314443","Nova Packg. ","Hardware "," 2024-01-20"," Pending ","USD 4, 585.64 "," match to PO required; cost center 117"
"INV-742416"," Helios Robotics","Software","2024-03-29 ","Approved ","USD 2,203.25 ","requires VAT documentation; cost center 102"
"INV-971394","Zenith-Components "," Software ","2024-01-07"," Approved"," $9,127.32 ","three-way match complete; cost center 106 "
"INV-457111","Vertex Logistics ","Software ","2024-05-26","Approved","USD 9,672.47","vendor submitted via portal; cost center 117"
"INV-165527"," Zenith Components "," Software ","2024-06-12 "," Approved ","$8,061.34 ","price variance escalated; cost center 104"
"INV-147417","Zenith Components","Professional Services"," 2024-02-17 "," On Hold","$7,142.51","three-way match complete; cost center 100"
"INV-327797","LumenAnalytics ","Facility"," 2024-07-22 "," Approved "," $8,360.72","requires VAT documentation; cost center 107 "
"INV-327829"," Zenith Components "," Logistics ","2024-06-26 ","Pending "," $3,328.53 "," match to PO required; cost center 102 "
"INV-242337","Zenith Comp."," Cloud ","2024-02-28 "," Approved "," $1,495.98 ","pending shipping confirmation; cost center 112"
"INV-148474","Astra-Supplies ","Software "," 2024-07-17 "," Pending ","$2,211.48 ","pending shipping confirmation; cost center 111"
"INV-503250","Astra suppl.","Software ","2024-07-31","Approved","$2,935.04","requires VAT documentation; cost center 115 "
"INV-124111","ZenithComponents ","Cloud "," 2024-03-26"," Approved ","USD 9, 180.00"," requires VAT documentation; cost center 102"
"INV-745580"," Nova Packaging ","Professional Services "," 2024-08-19 ","Pending ","$6,575.21 "," match to PO required; cost center 105"
"INV-542391"," Vtx Logistics "," Logistics ","2024-06-28","Approved"," $3,902.76","price variance escalated; cost center 106 "
"INV-308804"," Astra-Supplies ","Cloud"," 2024-09-08 "," Rejected ","$7,384.57 ","pending shipping confirmation; cost center 118 "
"INV-246929","VertexLogistics "," Professional Services ","2024-04-12"," Approved"," $7,329.71 "," three-way match complete; cost center 117 "
"INV-265239","HeliosRobotics","Facility ","2024-09-17 "," Approved"," USD 9,400.08"," requires VAT documentation; cost center 114 "
"INV-138222","LumenAnalytics"," Professional Services "," 2024-09-19 "," Rejected "," USD 8, 421.20 ","match to PO required; cost center 104"
"INV-226501"," Lumen Analytix","Software "," 2024-02-10 "," Rejected "," $7,894.47"," match to PO required; cost center 101 "
"INV-283852"," Helios Robotics ","Hardware","2024-07-09"," Approved "," $3,800.98 ","vendor submitted via portal; cost center 106"
"INV-131469","Lumen Analytix "," Cloud "," 2024-02-20 "," Approved "," $5,855.75","three-way match complete; cost center 103"
"INV-916835"," Zenith-Components "," Software "," 2024-06-18"," On Hold","$1,283.42 ","price variance escalated; cost center 106 "
"INV-837023","Nova-Packaging ","Hardware "," 2024-01-18 ","Rejected","$4,974.37 "," three-way match complete; cost center 104 "
"INV-330918","Astra Supplies ","Software"," 2024-08-28 "," Approved "," USD 6, 492.23","vendor submitted via portal; cost center 112 "
"INV-466608","Vertex Logistics"," Professional Services "," 2024-03-19 "," Rejected","$5,308.89 ","three-way match complete; cost center 118"
"INV-982481","AstraSupply"," Cloud","2024-03-25","Approved "," USD 9, 919.63","requires VAT documentation; cost center 117"
"INV-982481","Astra Spp ","Cloud"," 2024-03-25 "," Approved "," USD 9, 919.63","duplicate submit; consolidate in close process"
"INV-302797"," NovaPack "," Logistics "," 2024-03-13","Rejected","USD 3, 563.99","match to PO required; cost center 100"
"INV-302797","Nova Packg."," Logistics ","2024-03-13","Rejected "," USD 3, 563.99 ","duplicate submit; consolidate in close process "
"INV-165365","LumenAnalytics","Facility","2024-08-21 ","Approved ","$1,389.15 "," pending shipping confirmation; cost center 106"
"INV-849618","Vertex Log.","Logistics "," 2024-02-21 "," Approved "," USD 6, 962.98","vendor submitted via portal; cost center 106 "
"INV-947542","Nova Packaging ","Logistics ","2024-08-10 "," Pending ","USD 7, 513.66","match to PO required; cost center 102"
"INV-515210"," Helios Robotics"," Cloud ","2024-09-09"," Approved "," USD 3, 308.78 "," requires VAT documentation; cost center 104"
"INV-980366"," AstraSupply "," Facility"," 2024-09-11","On Hold","USD 558.00"," price variance escalated; cost center 118"
"INV-722459","Astra-Supplies ","Facility"," 2024-07-13 ","Approved"," $6,141.46 ","price variance escalated; cost center 112 "
"INV-797535"," Vertex-Logistics "," Professional Services"," 2024-09-02","Pending "," $2,622.23","match to PO required; cost center 101 "
"INV-673908"," Vtx Logistics"," Facility ","2024-01-18","On Hold "," $9,731.46"," requires VAT documentation; cost center 108 "
"INV-639655","Astra Supplies ","Cloud"," 2024-07-11"," Approved"," $714.98 "," match to PO required; cost center 105"
"INV-647059"," Novapackaging "," Facility"," 2024-08-20 ","Approved"," USD 2, 716.79 ","match to PO required; cost center 101"
"INV-134133"," Nova Packaging ","Logistics "," 2024-03-17"," Approved ","$9,242.51"," three-way match complete; cost center 100 "
"INV-926922"," Helios Robotix "," Facility ","2024-09-20","Rejected"," USD 2, 477.08 ","requires VAT documentation; cost center 106 "
"INV-130777","Nova Packaging"," Software ","2024-07-21"," Approved","$9,666.16","price variance escalated; cost center 112 "
"INV-115312"," Astra suppl.","Software","2024-03-29","Pending","$7,328.51"," requires VAT documentation; cost center 104 "
"INV-956750","HELIOS ROBOTICS","Hardware","2024-05-25"," On Hold ","$536.94"," pending shipping confirmation; cost center 106"
"INV-641668","Zenith Components","Hardware","2024-01-22"," Approved ","$1,320.14 "," three-way match complete; cost center 101 "
"INV-998234","NovaPack ","Logistics"," 2024-02-17"," On Hold","$5,328.27"," price variance escalated; cost center 101"
"INV-355892","ZenithComponents "," Cloud "," 2024-07-07"," Approved "," $7,368.63"," requires VAT documentation; cost center 119"
"INV-812781","Vertex-Logistics ","Logistics","2024-02-10 "," On Hold","$1,929.72 "," pending shipping confirmation; cost center 114"
"INV-299337","Astra suppl.","Facility ","2024-07-19"," Approved "," USD 7,116.67 "," three-way match complete; cost center 118"
"INV-653772","HELIOS ROBOTICS ","Facility","2024-06-17","Rejected "," $1,197.82 ","pending shipping confirmation; cost center 107"
"INV-259468","NovaPack ","Cloud ","2024-08-18 "," Approved "," USD 1,291.63","three-way match complete; cost center 105"
"INV-552190"," Novapackaging","Software "," 2024-01-20","On Hold"," $2,767.43 ","price variance escalated; cost center 117"
"INV-459344"," ZenithComponents","Professional Services "," 2024-02-07","Approved "," $3,649.84 "," three-way match complete; cost center 114 "
"INV-277226"," Zenith Comp. "," Logistics "," 2024-07-09"," Approved ","$1,068.22 ","three-way match complete; cost center 100 "
"INV-208636","Lumen Analytix ","Facility "," 2024-06-09","Pending "," $3,493.60 "," requires VAT documentation; cost center 114"
"INV-811650","AstraSupply ","Facility ","2024-07-26"," Pending "," USD 4, 482.12"," match to PO required; cost center 118 "
"INV-175740"," ZenithComponents"," Facility ","2024-07-23 ","Approved ","$821.57 ","three-way match complete; cost center 117 "
"INV-762873","Helios Robotix "," Facility","2024-03-17","Approved ","$5,210.93 "," match to PO required; cost center 108"
"INV-203435","Nova Packg."," Hardware","2024-03-28"," Approved "," $6,085.61"," pending shipping confirmation; cost center 108"
"INV-178671"," Vertex Logistics ","Professional Services "," 2024-06-17 ","Pending "," $8,481.64 ","price variance escalated; cost center 102 "
"INV-699090"," Lumen-Analytics "," Professional Services","2024-08-29 "," Approved","$8,188.74 ","price variance escalated; cost center 111 "
"INV-699090"," Lumen Analytix"," Professional Services","2024-08-29 ","Approved ","$8,188.74","duplicate submit; consolidate in close process "
"INV-893210"," Nova Packg.","Hardware ","2024-06-13","Approved","$3,902.29 ","three-way match complete; cost center 103"
"INV-181960","Astra Supplies "," Cloud"," 2024-08-06 "," Pending "," $1,254.03"," three-way match complete; cost center 119 "
"INV-487154"," Astra suppl. ","Logistics "," 2024-05-19 "," Approved"," $9,347.46 ","pending shipping confirmation; cost center 116"
"INV-616480"," Vertex Logistics","Professional Services","2024-03-02 ","Approved "," USD 2, 522.28 "," price variance escalated; cost center 116 "
"INV-605055"," Vertex Log.","Professional Services","2024-05-23","Approved"," USD 7, 847.94 "," match to PO required; cost center 113"
"INV-562034","HeliosRobotics"," Hardware "," 2024-01-21"," Approved "," $9,372.82","pending shipping confirmation; cost center 109"
"INV-121674","Lumen-Analytics ","Cloud ","2024-03-28"," Pending","$1,831.84"," match to PO required; cost center 112"
"INV-121674","Lumen Analytics","Cloud","2024-03-28"," Pending ","$1,831.84 ","duplicate submit; consolidate in close process"
"INV-122974","Nova Packaging ","Logistics ","2024-05-21 ","Approved "," $6,895.17 "," pending shipping confirmation; cost center 115"
"INV-512113","Nova Packaging"," Hardware","2024-08-11 ","Pending"," $6,048.81 "," match to PO required; cost center 109"
"INV-512113"," Novapackaging"," Hardware","2024-08-11 ","Pending ","$6,048.81"," duplicate submit; consolidate in close process"
"INV-110119","Zenith-Components "," Hardware","2024-07-12 "," Pending ","USD 3, 292.86 ","pending shipping confirmation; cost center 104"
"INV-180168"," Zenith-Components"," Hardware"," 2024-09-09","Approved","$6,658.19 "," three-way match complete; cost center 119"
"INV-680485"," ZenithComponents ","Professional Services ","2024-07-20 "," Approved"," $8,064.91 ","match to PO required; cost center 119"
"INV-367880","Vertex Log. "," Hardware","2024-05-25 "," Approved ","USD 8, 572.58 "," pending shipping confirmation; cost center 116 "
"INV-508835"," HeliosRobotics "," Logistics ","2024-04-07 ","Approved","USD 6,207.56","vendor submitted via portal; cost center 104"
"INV-305060","NovaPack"," Professional Services","2024-09-04 "," Approved "," $763.60 ","requires VAT documentation; cost center 111"
"INV-262403"," Zenith Components","Facility","2024-06-19"," Approved ","$5,371.18 ","pending shipping confirmation; cost center 118 "
"INV-436704","Helios Robotics ","Cloud"," 2024-06-10","Rejected ","$8,573.36 "," pending shipping confirmation; cost center 118"
"INV-576617","HELIOS ROBOTICS "," Software "," 2024-02-10"," Pending "," $1,785.67 ","vendor submitted via portal; cost center 102 "
"INV-494721","Lumen Analytics "," Hardware "," 2024-04-06 ","On Hold ","USD 9,109.96"," three-way match complete; cost center 104"
"INV-691353"," HeliosRobotics "," Hardware "," 2024-03-05 "," Approved","USD 9, 065.10","vendor submitted via portal; cost center 115"
"INV-101522"," Vtx Logistics ","Software ","2024-01-08"," Approved "," $8,902.92"," pending shipping confirmation; cost center 107 "
"INV-187792","Novapackaging","Hardware "," 2024-07-15 "," Approved "," $5,714.05","pending shipping confirmation; cost center 108"
"INV-110625","Nova-Packaging "," Software "," 2024-01-08 "," On Hold","$7,753.42 ","match to PO required; cost center 108"
"INV-109890","NovaPack","Facility "," 2024-03-08","Approved","USD 5,441.87 "," vendor submitted via portal; cost center 105"
"INV-408726"," Vertex Log. ","Hardware"," 2024-07-20 ","Approved"," USD 8, 381.28 "," requires VAT documentation; cost center 117 "
"INV-913592"," Astra-Supplies","Facility "," 2024-05-12 "," Approved "," USD 5,176.99"," three-way match complete; cost center 110 "
"INV-516102"," VertexLogistics"," Hardware","2024-04-03 ","Pending","USD 8,208.42 "," vendor submitted via portal; cost center 102 "
"INV-202619"," VertexLogistics","Professional Services "," 2024-09-05"," Pending ","$1,480.90","requires VAT documentation; cost center 111 "
"INV-726891"," LumenAnalytics ","Software"," 2024-06-19"," Approved ","USD 1, 766.63 "," three-way match complete; cost center 116"
"INV-540902"," Vertex Logistics","Cloud","2024-06-11","Approved"," $5,216.60 "," vendor submitted via portal; cost center 113"
"INV-540902"," Vtx Logistics","Cloud"," 2024-06-11","Approved","$5,216.60 "," duplicate submit; consolidate in close process "
"INV-318534","Helios Robotix ","Software ","2024-09-12","Approved ","$6,205.77 "," pending shipping confirmation; cost center 114"
"INV-268237","Nova-Packaging ","Software"," 2024-04-07"," Approved"," USD 541.58"," pending shipping confirmation; cost center 104"
"INV-823582","Zenith Component"," Hardware"," 2024-06-07"," Approved","$866.90","pending shipping confirmation; cost center 111"
"INV-976715","Helios Robotics","Software ","2024-02-20","On Hold","USD 5,682.43","three-way match complete; cost center 112 "
"INV-199339","Helios Robotics","Professional Services "," 2024-01-11"," Approved ","$986.51 "," price variance escalated; cost center 107"
"INV-714080"," Lumen Analytix","Software ","2024-03-01 "," Pending","USD 8,882.84 ","price variance escalated; cost center 106 "
"INV-596364"," Lumen-Analytics ","Software"," 2024-02-12 "," Approved"," $6,180.36 "," price variance escalated; cost center 108"
"INV-256426"," Helios-Robotics ","Professional Services"," 2024-08-30"," Approved","$2,193.25 ","vendor submitted via portal; cost center 112"
"INV-438766"," Astra-Supplies ","Facility","2024-08-02 ","Approved","USD 6, 197.11","pending shipping confirmation; cost center 111"
"INV-298918","Zenith Comp.","Logistics "," 2024-01-13 ","On Hold","$1,194.02 ","requires VAT documentation; cost center 110 "
"INV-920840","Nova Packaging ","Cloud"," 2024-07-15"," Pending"," $6,559.20"," three-way match complete; cost center 102 "
"INV-227119"," Nova Packg.","Professional Services"," 2024-08-01","Approved ","$4,556.46 "," pending shipping confirmation; cost center 108 "
"INV-262981"," Nova Packg. "," Cloud","2024-06-12 ","Pending"," $3,309.64 "," match to PO required; cost center 114"
"INV-772383","Nova Packg."," Professional Services ","2024-09-28 ","Approved","$5,522.85","price variance escalated; cost center 105 "
"INV-838850"," Vertex-Logistics"," Cloud"," 2024-06-17","Approved","$5,524.26 ","vendor submitted via portal; cost center 118 "
"INV-916716","Helios-Robotics","Software ","2024-01-20","Approved "," $7,056.82 ","pending shipping confirmation; cost center 105 "
"INV-566022","Vertex Log.","Professional Services ","2024-08-26"," Approved"," $9,640.99"," price variance escalated; cost center 102"
"INV-566022","Vertex Log.","Professional Services"," 2024-08-26","Approved "," $9,640.99","duplicate submit; consolidate in close process"
"INV-756307","Vertex Log.","Logistics","2024-09-24 "," Approved "," $7,118.39"," pending shipping confirmation; cost center 103"
"INV-239604","ZenithComponents"," Hardware "," 2024-05-14","Approved","$9,423.89 "," three-way match complete; cost center 116"
"INV-859926"," Novapackaging"," Facility "," 2024-05-28","Rejected "," USD 1, 491.67 "," price variance escalated; cost center 112 "
"INV-303764"," Vertex-Logistics ","Logistics"," 2024-04-09 ","Approved","$1,275.70 "," vendor submitted via portal; cost center 113"
"INV-736174"," Lumen Analytix "," Software"," 2024-06-05 "," Approved "," $5,044.38","match to PO required; cost center 114"
"INV-924927","Zenith-Components","Hardware "," 2024-02-18"," On Hold","$3,863.31"," price variance escalated; cost center 114"
"INV-531844"," Vertex Log. ","Professional Services","2024-07-14 ","On Hold ","$6,096.14 ","requires VAT documentation; cost center 113"
"INV-967346","Vertex-Logistics","Cloud","2024-06-04","On Hold","$4,534.39 ","match to PO required; cost center 111 "
"INV-265936","LumenAnalytic","Software ","2024-06-21"," On Hold","$1,865.21"," requires VAT documentation; cost center 103 "
"INV-215849","Novapackaging "," Software"," 2024-01-20 "," Approved"," $833.58"," price variance escalated; cost center 117 "
"INV-623225","Astra Spp "," Logistics"," 2024-09-26 "," Pending "," $4,115.78","price variance escalated; cost center 102"
"INV-623225"," Astra-Supplies "," Logistics ","2024-09-26"," Pending"," $4,115.78"," duplicate submit; consolidate in close process "
"INV-376474"," LumenAnalytics"," Cloud","2024-02-08 ","Approved"," USD 1, 569.97"," requires VAT documentation; cost center 106 "
"INV-381542"," Astra Spp"," Hardware","2024-08-07 "," Approved","$817.45 ","pending shipping confirmation; cost center 117"
"INV-665278","Lumen Analytics"," Cloud ","2024-01-19"," On Hold ","USD 6, 303.03 ","match to PO required; cost center 103 "
"INV-282731"," LumenAnalytics"," Facility"," 2024-02-24 "," Rejected"," USD 5, 209.42 "," vendor submitted via portal; cost center 118 "
"INV-201927","Lumen Analytics","Logistics","2024-04-13","Approved ","$5,666.61"," requires VAT documentation; cost center 112"
"INV-847237"," Vertex-Logistics ","Logistics","2024-02-25"," Pending ","USD 2,456.25 ","requires VAT documentation; cost center 115 "
"INV-687926","Zenith Component ","Logistics"," 2024-07-02","Approved"," $9,902.51 "," match to PO required; cost center 114"
"INV-940611","Vertex-Logistics "," Software","2024-05-29 "," Approved"," USD 4,896.81 "," three-way match complete; cost center 115"
"INV-345749","Vertex Logistics","Professional Services","2024-04-05 ","On Hold ","$2,593.35","pending shipping confirmation; cost center 119"
"INV-427678"," LumenAnalytic"," Logistics ","2024-08-26 "," Approved","$2,793.89 "," three-way match complete; cost center 108 "
"INV-988165"," LumenAnalytics ","Cloud"," 2024-05-27 ","On Hold ","USD 8,063.86 ","requires VAT documentation; cost center 107"
"INV-965266","LumenAnalytics"," Cloud ","2024-05-24"," Approved","$8,645.32 ","match to PO required; cost center 105"
"INV-454542","Astra suppl."," Hardware ","2024-09-12","Approved ","$3,393.74 "," match to PO required; cost center 119 "
"INV-165723"," Nova Packg."," Hardware"," 2024-05-02","Approved","USD 2, 087.74 ","vendor submitted via portal; cost center 105"
"INV-512856","Zenith Components "," Professional Services ","2024-03-15 ","Approved"," USD 5, 158.01","pending shipping confirmation; cost center 117 "
"INV-777186","HELIOS ROBOTICS"," Professional Services"," 2024-06-03 "," Approved ","$5,289.95 "," three-way match complete; cost center 112 "
"INV-356143","Vertex Log. ","Professional Services "," 2024-03-06","Approved"," $9,148.14 "," three-way match complete; cost center 112"
"INV-343170","Zenith Components ","Professional Services","2024-04-06","Rejected "," $1,608.67","price variance escalated; cost center 114"
"INV-731498","ZenithComponents"," Professional Services "," 2024-08-16"," On Hold"," $9,041.77","pending shipping confirmation; cost center 104 "
"INV-719361"," Astra suppl. "," Hardware "," 2024-04-14"," On Hold ","USD 2,610.68"," pending shipping confirmation; cost center 103"
"INV-734907"," LumenAnalytic "," Software","2024-01-31 "," Approved "," $4,196.71","price variance escalated; cost center 110"
"INV-848815"," Zenith Comp.","Software","2024-05-05"," Pending "," USD 8, 212.28","vendor submitted via portal; cost center 100"
"INV-997471","Novapackaging"," Professional Services"," 2024-08-20 "," Rejected ","$3,399.62"," price variance escalated; cost center 109"
"INV-769274"," Lumen-Analytics","Professional Services"," 2024-03-18 ","Approved","$6,492.39","requires VAT documentation; cost center 107 "
"INV-198417","LumenAnalytics "," Hardware ","2024-04-19"," On Hold"," $2,515.56 "," match to PO required; cost center 103"
"INV-772682"," Nova-Packaging","Professional Services","2024-08-21"," Approved "," $9,357.59","price variance escalated; cost center 119 "
"INV-481587","Nova Packg. "," Professional Services ","2024-05-17","Approved","$8,851.53"," pending shipping confirmation; cost center 119 "
"INV-788502"," LumenAnalytics ","Professional Services "," 2024-06-09 "," On Hold"," $7,700.22 "," price variance escalated; cost center 115 "
"INV-848347"," Vertex-Logistics "," Software ","2024-08-14"," Approved ","$8,387.22","match to PO required; cost center 107 "
"INV-552848"," Nova-Packaging"," Hardware","2024-05-24"," Approved "," USD 8,117.17","price variance escalated; cost center 117 "
"INV-873437","Astra Supplies"," Hardware","2024-07-19","Pending "," USD 6, 465.44"," pending shipping confirmation; cost center 113"
"INV-827614"," AstraSupply","Software "," 2024-09-10 ","Approved "," $7,336.77 "," pending shipping confirmation; cost center 100"
"INV-227729","LumenAnalytic"," Software","2024-03-26"," Approved","USD 1, 542.53","three-way match complete; cost center 106"
"INV-603193","LumenAnalytics ","Cloud ","2024-06-23","Approved ","USD 899.57 "," match to PO required; cost center 110"
"INV-568663"," Vertex-Logistics "," Logistics"," 2024-04-28"," Approved"," $6,090.98"," match to PO required; cost center 109"
"INV-865914","Helios Robotics ","Logistics"," 2024-08-20 "," Approved"," $4,738.48","three-way match complete; cost center 111"
"INV-287332"," Vertex-Logistics ","Software","2024-09-19","Approved "," USD 563.75","match to PO required; cost center 113 "
"INV-146251","Zenith Comp.","Professional Services ","2024-03-10 "," Approved","$6,739.60 "," requires VAT documentation; cost center 110"
"INV-373534"," Astra Supplies","Hardware"," 2024-07-25 "," Approved"," $5,733.52 "," price variance escalated; cost center 116"
"INV-303711","Vertex-Logistics ","Logistics "," 2024-08-07","On Hold "," USD 4,160.67"," requires VAT documentation; cost center 108"
"INV-291199","HeliosRobotics"," Professional Services "," 2024-07-26"," Approved"," $5,188.75"," match to PO required; cost center 100"
"INV-877806"," VertexLogistics"," Facility "," 2024-05-18 ","Approved "," USD 6,823.22 "," pending shipping confirmation; cost center 117 "
"INV-580223"," Helios Robotics ","Professional Services "," 2024-06-02","On Hold ","$6,891.17 ","requires VAT documentation; cost center 110 "
"INV-505767","Vertex Log.","Software ","2024-09-24","Approved ","USD 7,022.93 "," pending shipping confirmation; cost center 111 "
"INV-366435"," LumenAnalytics","Software "," 2024-09-18 "," Pending "," USD 4, 206.69","match to PO required; cost center 101"
"INV-564246","Helios Robotics"," Software","2024-01-13 "," Approved"," $6,697.17 ","requires VAT documentation; cost center 109"
"INV-564246"," HeliosRobotics"," Software "," 2024-01-13","Approved"," $6,697.17"," duplicate submit; consolidate in close process "
"INV-474449","Nova-Packaging"," Software"," 2024-03-05","Rejected "," $9,603.96 ","requires VAT documentation; cost center 109"
"INV-474449","NovaPack ","Software","2024-03-05 "," Rejected","$9,603.96"," duplicate submit; consolidate in close process"
"INV-922690","Nova Packaging"," Logistics","2024-07-21"," Pending"," USD 2,220.28 ","three-way match complete; cost center 116"
"INV-304089"," Helios Robotix","Cloud ","2024-09-19","Pending"," $1,491.53 "," pending shipping confirmation; cost center 105"
"INV-716455"," Helios Robotix ","Hardware ","2024-08-30 "," Approved "," USD 3, 192.38 "," vendor submitted via portal; cost center 103"
"INV-954336"," Astra Spp ","Professional Services "," 2024-09-11"," Approved "," USD 8, 006.35","vendor submitted via portal; cost center 108"
"INV-764373","Helios Robotix "," Software","2024-06-30"," Approved "," $1,911.14","vendor submitted via portal; cost center 116 "
"INV-383620"," Vertex-Logistics","Hardware","2024-02-02 "," Pending"," $839.04","price variance escalated; cost center 111 "
"INV-349820","Astra Spp","Software ","2024-07-25","On Hold","$8,080.66 "," match to PO required; cost center 114 "
"INV-734815","Helios Robotix ","Cloud","2024-03-21"," Approved "," $9,493.99 "," pending shipping confirmation; cost center 117 "
"INV-712673"," Helios Robotix","Hardware"," 2024-07-20 ","On Hold","$9,768.23","vendor submitted via portal; cost center 102"
"INV-140093"," Helios-Robotics ","Hardware","2024-02-25"," Approved"," $1,034.43 ","price variance escalated; cost center 113 "
"INV-105354"," NovaPack "," Software "," 2024-03-24 ","Approved","$9,507.88 ","match to PO required; cost center 111 "
"INV-781831"," Nova-Packaging "," Cloud"," 2024-04-11 "," Approved","USD 2,704.85 "," match to PO required; cost center 108 "
"INV-577813","Helios Robotix"," Professional Services","2024-01-27"," On Hold ","$2,659.78","pending shipping confirmation; cost center 108"
"INV-657846","Lumen-Analytics"," Facility"," 2024-01-06 "," Approved","$7,691.47 "," match to PO required; cost center 103 "
"INV-252021"," HELIOS ROBOTICS","Logistics "," 2024-09-01","Approved ","$5,686.36"," price variance escalated; cost center 102"
"INV-699164"," Helios Robotics"," Hardware "," 2024-07-16 "," Approved","$8,158.81","price variance escalated; cost center 118 "
"INV-572341"," Zenith Comp. ","Hardware","2024-07-10 "," Approved "," $6,447.02","match to PO required; cost center 100 "
"INV-416478","Lumen Analytix ","Logistics","2024-05-26 ","Approved"," $5,796.43","match to PO required; cost center 100"
"INV-344015","Zenith Component","Professional Services ","2024-09-13 "," Approved"," $5,844.66 "," price variance escalated; cost center 106"
"INV-809310","Astra-Supplies","Cloud"," 2024-07-03 "," Rejected "," $1,248.25","price variance escalated; cost center 117"
"INV-487000","Helios-Robotics","Logistics ","2024-08-13"," On Hold ","$3,696.32 ","requires VAT documentation; cost center 109 "
"INV-989756"," HELIOS ROBOTICS"," Cloud","2024-04-12","Pending"," $3,223.22 "," requires VAT documentation; cost center 112 "
"INV-879531"," AstraSupply"," Professional Services"," 2024-05-08 ","Rejected"," USD 3,086.22"," match to PO required; cost center 102 "
"INV-899491"," Zenith Comp."," Software ","2024-05-31"," Rejected ","$6,356.81 ","price variance escalated; cost center 101"
"INV-205830"," LumenAnalytics ","Professional Services ","2024-04-14","Pending","USD 5,376.71"," price variance escalated; cost center 103 "
"INV-964373"," Vertex Logistics ","Cloud","2024-09-07"," Rejected "," USD 870.56 "," match to PO required; cost center 113"
"INV-117725"," Zenith Comp."," Logistics","2024-06-12"," Approved ","$6,277.36 "," vendor submitted via portal; cost center 100 "
"INV-367219","ZenithComponents ","Facility","2024-01-25"," Approved ","$7,231.60 "," match to PO required; cost center 111"
"INV-608490"," Zenith Component "," Professional Services ","2024-08-21 ","Approved","$6,866.44 ","requires VAT documentation; cost center 110 "
"INV-152858","Vertex Log."," Logistics ","2024-08-13","Approved"," USD 4, 706.58","pending shipping confirmation; cost center 111 "
"INV-851833"," Lumen Analytix"," Cloud","2024-06-22 "," On Hold ","USD 5, 586.99 "," vendor submitted via portal; cost center 117"
"INV-893219"," NovaPack","Logistics "," 2024-05-27 ","Approved "," $3,804.45 ","requires VAT documentation; cost center 102 "
"INV-336363"," Zenith Component","Facility "," 2024-06-09 ","On Hold ","USD 7,670.69","price variance escalated; cost center 102 "
"INV-336363"," Zenith Components","Facility"," 2024-06-09 ","On Hold "," USD 7,670.69 "," duplicate submit; consolidate in close process"
"INV-684394","Vertex Log.","Cloud","2024-08-23 "," Pending ","$2,714.28"," requires VAT documentation; cost center 111"
"INV-351130","Lumen-Analytics"," Professional Services"," 2024-02-15"," Rejected","USD 3, 585.76"," requires VAT documentation; cost center 117 "
"INV-775554","Lumen Analytix "," Professional Services"," 2024-09-19 ","Approved "," $6,741.13 "," pending shipping confirmation; cost center 102"
"INV-709696","NovaPack "," Logistics","2024-05-25 "," Approved","$2,642.08 ","match to PO required; cost center 110"
"INV-635496"," Zenith Components ","Facility","2024-07-04 "," Approved "," USD 8, 740.66 "," pending shipping confirmation; cost center 110"
"INV-635496","Zenith Comp.","Facility "," 2024-07-04 ","Approved "," USD 8, 740.66 ","duplicate submit; consolidate in close process "
"INV-134169","Lumen Analytix","Facility","2024-05-27 ","Rejected ","USD 4, 865.40 "," match to PO required; cost center 100 "
"INV-865618","ZenithComponents"," Hardware ","2024-08-04 ","Approved"," $5,141.69"," three-way match complete; cost center 109"
"INV-865618","Zenith Comp. "," Hardware","2024-08-04","Approved ","$5,141.69 ","duplicate submit; consolidate in close process"
"INV-939961"," HeliosRobotics "," Cloud","2024-07-02","Pending "," USD 5, 658.78","vendor submitted via portal; cost center 107"
"INV-975355","Lumen Analytix ","Cloud","2024-01-07 ","Pending","USD 4, 352.73","requires VAT documentation; cost center 108"
"INV-352900","Zenith Component "," Cloud "," 2024-02-01","Rejected "," $6,979.25","match to PO required; cost center 112"
"INV-352900","Zenith Component "," Cloud","2024-02-01","Rejected"," $6,979.25","duplicate submit; consolidate in close process"
"INV-695748"," Zenith-Components","Software"," 2024-08-07","Approved ","$7,485.27 ","requires VAT documentation; cost center 119 "
"INV-695748"," Zenith Comp.","Software ","2024-08-07 ","Approved ","$7,485.27"," duplicate submit; consolidate in close process "
"INV-367405"," Astra Spp "," Software "," 2024-08-02 "," Approved"," $3,748.26"," three-way match complete; cost center 111 "
"INV-610201","HELIOS ROBOTICS"," Hardware "," 2024-02-13"," Approved ","$5,682.33","vendor submitted via portal; cost center 114 "
"INV-857514","Vtx Logistics "," Hardware ","2024-02-01 ","Approved "," $3,847.66 ","match to PO required; cost center 114 "
"INV-539233","Astra-Supplies ","Professional Services"," 2024-04-23","Approved "," $1,335.46","pending shipping confirmation; cost center 105"
"INV-414654","Nova Packaging","Cloud "," 2024-08-09 "," Approved"," USD 4, 788.44 ","three-way match complete; cost center 107 "
"INV-147429","Astra suppl. ","Cloud","2024-08-18 "," Approved ","$5,272.89 ","three-way match complete; cost center 114"
"INV-558598"," NovaPack "," Logistics"," 2024-07-22 "," Approved "," $3,293.97 ","price variance escalated; cost center 101"
"INV-383956"," Vertex Logistics","Professional Services"," 2024-04-23 ","Rejected ","$8,849.23 "," vendor submitted via portal; cost center 119 "
"INV-152342"," Nova-Packaging ","Hardware "," 2024-01-25"," Approved ","$726.22 ","requires VAT documentation; cost center 101 "
"INV-909202"," Zenith Component","Software ","2024-02-20"," Approved ","$8,280.66","price variance escalated; cost center 113"
"INV-434058","Helios Robotics","Cloud","2024-04-12 "," Approved ","$3,241.42","requires VAT documentation; cost center 105"
"INV-461076","Astra Supplies","Cloud"," 2024-06-18","Approved ","$1,336.91 "," match to PO required; cost center 119 "
"INV-869763"," Lumen-Analytics"," Logistics","2024-06-13 ","On Hold","$4,416.13 ","requires VAT documentation; cost center 104"
"INV-451640","HeliosRobotics","Professional Services ","2024-01-23","Approved","USD 1, 991.05"," three-way match complete; cost center 113"
"INV-835181","AstraSupply"," Software"," 2024-09-10","Rejected ","$5,368.40","three-way match complete; cost center 116"
"INV-421057","Vertex Log."," Cloud"," 2024-09-07"," Approved","$6,852.38"," three-way match complete; cost center 107 "
"INV-206281","Nova-Packaging "," Software","2024-02-17 "," On Hold ","USD 3,613.38 ","match to PO required; cost center 113 "
"INV-206281"," Nova-Packaging"," Software","2024-02-17 "," On Hold ","USD 3,613.38 ","duplicate submit; consolidate in close process"
"INV-196597","HeliosRobotics "," Software "," 2024-09-21","On Hold","$9,148.81"," price variance escalated; cost center 111 "
"INV-348470"," Astra Spp"," Software"," 2024-04-28 ","Approved "," USD 733.15 ","vendor submitted via portal; cost center 107"
"INV-593168","LumenAnalytic "," Cloud ","2024-02-08"," Rejected","USD 1,614.18"," pending shipping confirmation; cost center 119 "
"INV-153774","Lumen Analytix"," Cloud"," 2024-05-07 "," Approved"," USD 7,568.64 ","match to PO required; cost center 112"
"INV-787425","Nova Packg. ","Professional Services","2024-01-27","Approved "," $1,187.97 ","three-way match complete; cost center 109"
"INV-705054"," Astra Spp "," Cloud "," 2024-04-22","Approved","USD 2,101.09"," price variance escalated; cost center 112 "
"INV-576456"," Helios Robotics ","Cloud "," 2024-04-29 "," Approved ","USD 4, 929.14","match to PO required; cost center 108"
"INV-856995","Astra-Supplies ","Logistics"," 2024-04-18 "," Approved","USD 4, 667.56 "," pending shipping confirmation; cost center 117"
"INV-662066","Lumen Analytix","Hardware","2024-07-27","Approved"," USD 723.67","match to PO required; cost center 119 "
"INV-597130","Vertex Logistics "," Logistics "," 2024-04-13 "," Approved "," $3,075.56 ","pending shipping confirmation; cost center 112"
"INV-263474"," Vertex-Logistics ","Facility","2024-05-28 "," On Hold"," USD 1,421.33"," requires VAT documentation; cost center 102"